id;fecha;cargo;observaciones;expediente;prestaservicioen
1;2019-11-04;Falls;Gloves Senior;Upgradable Phased Berkshire;Sleek Metal Car West Virginia Representative
2;2019-11-04;Yemen payment invoice;Licensed sticky;microchip;Fresh Auto Loan Account
3;2019-11-04;Indiana;Assistant;invoice orchestrate;withdrawal cross-platform Interactions
4;2019-11-04;sensor;Senior feed;Canadian Dollar;Health deposit Canyon
5;2019-11-04;Paradigm Saint Martin;dot-com;Codes specifically reserved for testing purposes Generic upward-trending;connect Malta Table
6;2019-11-04;Florida;Manors cyan Handcrafted Fresh Keyboard;Consultant Swaziland enhance;Research orchid
7;2019-11-03;Administrator capacitor;Mayotte black Lights;Savings Account Intelligent Rubber Chair Supervisor;synthesizing
8;2019-11-04;collaborative Codes specifically reserved for testing purposes synthesize;Strategist index Pizza;synthesize customer loyalty;withdrawal
9;2019-11-04;Chips Rhode Island program;Checking Account backing up;dynamic Infrastructure Self-enabling;Intelligent Soft Gloves Pizza
10;2019-11-04;primary Managed Ameliorated;Turnpike deposit;Product;recontextualize
