id;nombre;apellido;cuil;dni;legajo;apodo;foto;foto_content_type;soltero;casado;conviviente;viudo;domicilio;lugar;calle;numero;telefonofijo;numerodecelular;oficioprofecion;niveldeestudios;gruposanguineo;factor;donante;diabetes;hipertension;alergias;asma;otros;fechadeingreso;instrumentolegal;categoria;item;planta;area;direccion;annos;meses;dias;realizocomputodeservicios;poseeconocimientoenmaquinasviales;casoemergenciacelular;casoemergenciafijo;casoemergencianombre;casoemergenciacelular_2;casoemergenciafijo_2;casoemergencianombre_2;familiaracargonombre;familiaracargonombre_2;familiaracargonombre_3;familiaracargonombre_4;familiaracargonombre_5;familiaracargodni;familiaracargodni_2;familiaracargodni_3;familiaracargodni_4;familiaracargodni_5;familiaracargoedad;familiaracargoedad_2;familiaracargoedad_3;familiaracargoedad_4;familiaracargoedad_5;altura;barrio;estudiosincompletos;conyugeapellido;conyugenombre;conyugedni;conyugecuil;grupofamiliarapellidonombre;grupofamiliarapellidonombre_2;grupofamiliarapellidonombre_3;grupofamiliarapellidonombre_4;grupofamiliarapellidonombre_5;grupofamiliarapellidonombre_6;grupofamiliarapellidonombre_7;grupofamiliarapellidonombre_8;grupofamiliarapellidonombre_9;grupofamiliarapellidonombre_10;grupofamiliarapellidonombre_11;grupofamiliarapellidonombreedad;grupofamiliarapellidonombreedad_2;grupofamiliarapellidonombreedad_3;grupofamiliarapellidonombreedad_4;grupofamiliarapellidonombreedad_5;grupofamiliarapellidonombreedad_6;grupofamiliarapellidonombreedad_7;grupofamiliarapellidonombreedad_8;grupofamiliarapellidonombreedad_9;grupofamiliarapellidonombreedad_10;grupofamiliarapellidonombreedad_11;grupofamiliarapellidonombredni;grupofamiliarapellidonombredni_2;grupofamiliarapellidonombredni_3;grupofamiliarapellidonombredni_4;grupofamiliarapellidonombredni_5;grupofamiliarapellidonombredni_6;grupofamiliarapellidonombredni_7;grupofamiliarapellidonombredni_8;grupofamiliarapellidonombredni_9;grupofamiliarapellidonombredni_10;grupofamiliarapellidonombredni_11;grupofamiliarapellidonombrefamiliar;grupofamiliarapellidonombrefamiliar_2;grupofamiliarapellidonombrefamiliar_4;grupofamiliarapellidonombrefamiliar_3;grupofamiliarapellidonombrefamiliar_5;grupofamiliarapellidonombrefamiliar_6;grupofamiliarapellidonombrefamiliar_7;grupofamiliarapellidonombrefamiliar_8;grupofamiliarapellidonombrefamiliar_9;grupofamiliarapellidonombrefamiliar_10;grupofamiliarapellidonombrefamiliar_11
1;mobile Fish;Home Loan Account Table Computer;Trace;33370;60111;alarm;../fake-data/blob/hipster.png;image/png;Tasty Metal Bacon;red Chips Soap;Home Loan Account;web-readiness;Namibia;Steel zero administration;Multi-channelled Licensed;grey Cambridgeshire;Canyon HDD;Table Small Frozen Sausages Planner;envisioneer Music Public-key;infomediaries;Investment Account;Games Regional Digitized;copy convergence;Mayotte;Industrial;connect Markets Chief;capacitor archive;sky blue Tasty Plastic Pizza;2019-11-04;interactive generating compelling;Home Loan Account;Plastic;Car Industrial deliverables;orange Books;magenta monitor 1080p;60595;7404;92630;deposit Internal;Investment Account archive Fantastic Plastic Chicken;payment;withdrawal COM;embrace Developer;synthesize Idaho compress;Sleek Metal Table Small;Intelligent Outdoors;Harbor Montana;Corporate Phased relationships;white Brand Money Market Account;Salad Web virtual;Refined Squares;maroon;EXE projection Fresh;support Gorgeous;withdrawal;copying;ability Hat Iraq;magenta Concrete;User-centric Gloves;Mauritania;facilitate Tasty Concrete Chips Exclusive;Buckinghamshire capability zero tolerance;mission-critical;Berkshire Small Plastic Pants Investor;Canadian Dollar;Berkshire Designer;24205;Bulgarian Lev navigate;Re-contextualized;web-enabled invoice withdrawal;bypassing optical;installation;Argentine Peso;Kentucky Algerian Dinar Clothing;open-source turn-key;Sausages;disintermediate Cambridgeshire hacking;bricks-and-clicks Concrete Global;Fiji Dollar Profound Bacon;Macao Equatorial Guinea Vision-oriented;Agent;Human deposit;even-keeled Saint Helena Pound;Internal AI optical;bypassing Marketing;Dynamic Home Loan Account Tools;Branding;Home Gloves Latvia;Ports Manager Fish;Networked;32539;17882;74649;36646;64963;74417;84922;72093;65761;30806;56830;Sleek turn-key;Ergonomic;Strategist target;Investor users dot-com;North Dakota Cambridgeshire;Re-contextualized;local Shoes;Intelligent Frozen Sausages Villages;Human;back up Factors;architectures
2;Wisconsin Facilitator Incredible;reinvent;eco-centric Bedfordshire mesh;39469;93615;UIC-Franc Arkansas Intelligent;../fake-data/blob/hipster.png;image/png;Zambian Kwacha intuitive;Bedfordshire;portal calculating Metal;real-time discrete redundant;Synergistic Personal Loan Account Sleek;Borders;olive Handcrafted Cotton Bacon Unbranded Fresh Pants;incubate;interfaces;Garden Dale Wallis and Futuna;generating;Computers Small Fresh Gloves back-end;interface;compress lavender Investment Account;backing up;Iran;Philippine Peso Metal;Strategist;card Licensed Cotton Ball;mindshare Gorgeous;2019-11-04;Brand;infomediaries Som Rustic Frozen Keyboard;Enterprise-wide Benin;Tuna Response invoice;alarm Jamaica;system Gorgeous Rubber Pants;15864;75784;12016;leading-edge;Ergonomic Steel Gloves;Developer Shoes Music;Buckinghamshire Hollow Shoes;withdrawal Generic Frozen Tuna;Gorgeous Cotton Chair Personal Loan Account Borders;Norfolk Island Chilean Peso Unidades de fomento Checking Account;invoice Outdoors New York;multi-byte Jamaican Dollar North Carolina;Station;parsing Investment Account;Branding Dynamic black;yellow;Books Generic;robust withdrawal generate;Garden open-source hybrid;Solomon Islands Dollar;Personal Loan Account HTTP;schemas Specialist China;quantify multi-byte;interface Cotton Robust;user-centric Infrastructure;Managed Dobra application;Fantastic;Liechtenstein Buckinghamshire monetize;Direct;Small Frozen Salad bypassing;time-frame Quality;95060;Missouri deposit;Gorgeous Money Market Account;Danish Krone parse;neural Wooden Optimization;Tasty Rubber Car mindshare EXE;bandwidth Liaison;program Auto Loan Account Refined;infomediaries;Fantastic Fresh Salad;Steel Avon Visionary;exploit transition;User-centric Principal Pennsylvania;repurpose Sleek;mesh system Triple-buffered;Cotton;Advanced grow;Handmade Wooden Cheese Fresh;input Naira;Markets;Glen Refined;Mandatory Assistant;Strategist;Incredible Fresh Car Tuvalu;99296;91911;7379;25299;55385;69541;96930;7543;52309;16621;62939;Dalasi;Orchestrator Naira;Legacy Unbranded Plastic Chips;Unbranded Cotton Table Generic B2B;olive;facilitate Persevering;Fantastic;zero defect Ridges Beauty;groupware;Credit Card Account clear-thinking Frozen;parsing
3;models New Mexico District;Accountability;Aruba Chair portals;77760;81055;Strategist Shirt;../fake-data/blob/hipster.png;image/png;navigate redefine;generating bypassing Bypass;Plastic Movies;SMS;Zimbabwe parse Customer;input Accounts;enhance Multi-channelled purple;Response;white SMTP;Checking Account global Steel;Borders Springs connecting;SAS;Planner Refined;engage Granite Grocery;bluetooth payment digital;Rubber Industrial seamless;withdrawal Jamaica;International;Luxembourg Spurs;empower Home Loan Account SMS;2019-11-03;Granite Configuration Buckinghamshire;Practical Steel Chips;Berkshire concept;Illinois robust;Granite Rubber;enable;69766;64087;18006;Rupiah;Human Mission;Officer Savings Account Automated;Pants even-keeled Chair;Brazil;Island cyan;Granite open architecture;Ergonomic Soft Shoes;Bulgarian Lev Cambridgeshire;Regional;Home;primary quantify Chips;Guyana;Bedfordshire Auto Loan Account back-end;monitor Small Wooden Ball;feed;connecting generate Music;Inlet Hungary Configurable;interface;Toys;overriding;internet solution;Total;Investment Account Indian Rupee;withdrawal Club Nebraska;Nevada quantify architectures;empower;customized payment;57077;dot-com;methodology Integration Music;Pants;Avon;blue scalable Car;bypassing Sleek Steel Shirt Rand Namibia Dollar;Fresh incubate Agent;Jewelery Engineer Bedfordshire;Tanzanian Shilling Assurance Nebraska;Gardens synthesizing;silver;system;Buckinghamshire;Bouvet Island (Bouvetoya);Auto Loan Account asymmetric Montana;Applications;Montenegro;frictionless;Rubber Awesome Frozen Mouse;Trinidad and Tobago Dollar;Customer-focused;Shoes Rubber Mall;users scalable;92952;85072;83061;74597;96502;40851;12429;93293;73086;99092;93834;Shirt;Mobility;Arizona synthesizing Fresh;override back-end hacking;open-source;payment National;HDD;Tanzanian Shilling Lights;e-enable Plaza intranet;convergence Idaho customized;synthesize Bahrain
4;Pre-emptive Bouvet Island (Bouvetoya) experiences;Credit Card Account;Belize Dollar Bacon;87862;62007;Rwanda Customer;../fake-data/blob/hipster.png;image/png;Liaison copy program;hack Electronics Oklahoma;Cambridgeshire navigate Licensed;Fantastic indexing;Investment Account;haptic Shoes;models;driver payment Mexican Peso Mexican Unidad de Inversion (UDI);port Money Market Account;Chips National Idaho;vortals value-added;Salad Connecticut;Generic Advanced;HDD Security Virginia;solid state Clothing deposit;Maine Checking Account markets;Unbranded programming District;Concrete;Pizza yellow programming;FTP;2019-11-04;New Mexico;streamline navigate;neural;Money Market Account;synergize;JSON National;46570;34695;48083;District Idaho Grocery;Concrete Towels Avon;Automotive frame;Indiana deposit Electronics;Bedfordshire Strategist;Towels applications;Zimbabwe;Bedfordshire;application scale;indigo National;Expressway;Tools Street;Arkansas reciprocal;Mountain Malaysia supply-chains;Borders hack;Pants;Tasty navigate didactic;payment schemas Industrial;calculating;withdrawal Toys white;olive;Kids Incredible;Florida THX Idaho;Licensed Visionary pixel;neural Markets Branding;maroon;superstructure;Kids;8550;fuchsia Music Salad;withdrawal circuit;generating frictionless solution-oriented;distributed Computers;Money Market Account users Guinea;SQL lavender;transmit Wooden COM;Agent Squares;supply-chains;Bedfordshire;Peru withdrawal Down-sized;invoice;Liaison Tonga;Lari;Sports Global Soft;Bedfordshire Awesome Cotton Tuna;calculating yellow;Wooden;Future;pixel Phased payment;Towels Internal;seize generate;Fantastic Wooden Chips microchip;8279;9033;60315;77098;24534;6824;38929;83707;28869;43719;35567;monitor methodology West Virginia;reintermediate Factors;sensor;4th generation;clear-thinking Auto Loan Account;indexing;Savings Account extensible connect;robust;interface Buckinghamshire;Investment Account Forge Licensed;auxiliary
5;Engineer Toys Fantastic;Licensed;Marketing mobile Cayman Islands Dollar;52130;18513;Uzbekistan;../fake-data/blob/hipster.png;image/png;input invoice calculate;Philippine Peso parsing Triple-buffered;deposit Rand Namibia Dollar;Branding;Handcrafted Rubber Sausages;Towels Mississippi Product;Metal;complexity Direct Administrator;online program Refined Granite Gloves;quantifying Baby;one-to-one Connecticut;Unbranded Tugrik;models streamline;projection Maldives;withdrawal alarm Timor-Leste;Personal Loan Account Inverse;Track;Books CSS Holy See (Vatican City State);Data Tasty Steel Pants Licensed Steel Shirt;Manor;2019-11-04;AGP Coordinator;Practical killer Russian Federation;Adaptive Practical B2C;SQL;Persevering Gorgeous Steel Salad Associate;Fantastic whiteboard;12443;21825;95641;neural Cloned Massachusetts;SCSI Communications Underpass;Officer parse;Intuitive;quantifying Phased connecting;Automated;architect;lavender;copying primary invoice;EXE;Personal Loan Account Chile foreground;connect Zimbabwe Dollar;Forward;Pre-emptive Reduced;Kids Customer;Practical AI didactic;Tunnel;Configuration;Jewelery monitoring Infrastructure;Gorgeous ROI implement;Saint Helena Pound;Borders;Integration;Bond Markets Units European Composite Unit (EURCO);Facilitator;Cambridgeshire;Borders Internal;open-source Ouguiya;56573;optimal EXE optical;Synchronised Pizza;array;Quality-focused Quality Generic;override Salad XSS;Burg SAS Music;one-to-one reboot Chair;Tennessee generate Adaptive;asymmetric;website New York;exuding;Beauty synthesizing;Gorgeous;Beauty web services copying;deposit Mobility;solid state;Baht;Paradigm;application;hard drive;proactive Checking Account;SCSI;Technician Architect calculate;13008;59439;75826;38361;2458;6562;2212;82151;32361;37183;48864;compress UAE Dirham Dam;Wells;partnerships Terrace Hat;calculating conglomeration bypassing;Kroon deposit systemic;Liaison Grocery capacitor;applications invoice unleash;methodologies;e-services;program override red;payment efficient RSS
6;Vietnam Mouse;SDD;Cheese Summit Saint Martin;1786;62622;Plastic Automotive Principal;../fake-data/blob/hipster.png;image/png;indigo Manors;Rubber;Credit Card Account;architectures;Networked;Handcrafted Rubber Gloves;South Carolina;website Curve;Circles;disintermediate Walks Credit Card Account;payment;XSS solid state Handmade Granite Fish;Concrete;Planner;Health;Savings Account Rupiah;back up Tactics;Borders;PCI;Sports;2019-11-04;monetize Frozen;magenta Turkish Lira;green Chicken Tasty;Metal Lead;Communications Generic Granite Gloves;Accountability Assurance Auto Loan Account;78342;33945;61225;Avon invoice Malta;synthesizing Manors;Sleek Wooden Fish markets;Generic Concrete Tuna Shoes HDD;utilisation;out-of-the-box Pizza;systems Sleek Wooden Towels Clothing;Fundamental Designer;Borders Intelligent whiteboard;Practical Steel Mouse;indexing;XSS;mindshare navigating Money Market Account;drive Analyst Awesome Fresh Hat;Michigan Clothing;Borders HDD;redundant withdrawal Planner;National;benchmark;invoice program;synthesize;Investor Tuna;redefine;Shirt SDD;communities Refined;Pike Borders;payment Rustic;envisioneer Coordinator;25813;deposit matrices quantify;redefine;Ford;SDD;Gloves Jordan;Uganda Shilling Cotton;Persevering Personal Loan Account;De-engineered strategic integrate;array payment;optical transmitter;Utah COM;Botswana;zero defect;Granite;Program;deposit;Estate;Incredible Sleek Arizona;Shirt Architect Developer;Automotive;invoice;Minnesota Open-architected Lebanon;Tugrik Wooden;2997;13271;30792;14354;70468;93981;20185;73289;67343;16238;96991;Handmade;Table Synergistic Officer;Qatari Rial;Representative whiteboard Health;Auto Loan Account;COM back up Frozen;East Caribbean Dollar Nepalese Rupee lavender;navigating Guarani;Incredible deposit;Checking Account utilisation AI;USB primary Iowa
7;Refined withdrawal copy;Kuwaiti Dinar solid state program;help-desk SAS embrace;29686;54448;Garden migration;../fake-data/blob/hipster.png;image/png;Investment Account Ohio;deliver Pine;Haiti;Advanced Awesome Rubber Mouse;payment connect Berkshire;XSS Suriname;Lead cross-platform;enable;Moldova Operative;Investment Account generate;synthesize capacitor Andorra;violet Outdoors deposit;Functionality invoice streamline;Applications;yellow Shoes;Open-source multi-tasking;Data;Moldova archive;monitor morph;networks Granite Computer;2019-11-04;Bacon Cocos (Keeling) Islands card;multi-byte;Universal;supply-chains Licensed connecting;Sleek Rubber Computer Solutions;invoice Cambridgeshire;59353;22807;79374;payment;action-items;Human navigate Idaho;virtual;transmitter;bandwidth Trinidad and Tobago Dollar Licensed;Table interfaces;Bike;SCSI Field Bermuda;Home;Phased sky blue;Exclusive benchmark;Sleek Wooden Chips bi-directional;Russian Ruble deploy;Roads feed;Director;bypassing;array Virginia;bypass;Generic;Savings Account monetize one-to-one;extensible Practical Granite Bacon;Turkish Lira;Profit-focused;system-worthy Credit Card Account;Denmark hub collaboration;Tasty Cotton Tuna efficient Producer;Hill Awesome Rubber Computer;95762;Tuna El Salvador Colon US Dollar mint green;partnerships content;back up B2C invoice;Via enhance Cotton;Chair Producer Accounts;Switchable Kyat;Money Market Account;1080p;Rubber connecting back-end;Small Wooden Gloves Expanded viral;Incredible Integration;Bedfordshire navigating;Village;XML Sausages;Borders Planner navigating;Cambridgeshire;Granite quantifying;CFA Franc BEAC Syrian Arab Republic;back-end digital secured line;Graphic Interface;Keyboard;Future-proofed Metrics North Carolina;generating Granite FTP;92275;60637;48706;13919;60625;89826;76480;82933;17483;31753;50256;revolutionize Metal leading-edge;Brooks;Concrete Associate;parse Cotton;task-force Cambridgeshire;attitude-oriented quantifying;red;Credit Card Account intuitive;Awesome Soft Mouse Ferry;Cambridgeshire;Generic Metal Gloves Administrator Devolved
8;Rustic;data-warehouse Intelligent Saudi Riyal;Home Loan Account;63318;99669;open-source;../fake-data/blob/hipster.png;image/png;orange Soap;Suriname models;optical;Ports pink;Iraq Buckinghamshire;interface;Supervisor Inverse Granite;Jewelery logistical;Belize Dollar sky blue Savings Account;Sports;Personal Loan Account;primary;Sleek Cotton Computer intermediate withdrawal;compressing Rustic;Wooden FTP;alarm;cross-platform Investment Account;Key mobile Direct;Licensed withdrawal Quality;markets Extended programming;2019-11-04;Forward;quantifying Borders;District deposit;Senior Motorway;Computer matrix Berkshire;Small Steel Computer synthesize deposit;80213;7125;10536;Industrial;interface web-enabled;Director;reboot invoice grey;partnerships;invoice bypass;synergies;Sleek;Product 1080p Pre-emptive;whiteboard red Concrete;reciprocal Generic Frozen Hat;Unbranded Frozen Gloves back-end;Wall;Investment Account;Legacy Slovenia;deposit Steel;Unbranded Savings Account;seize;Japan maximize;Response;Research;tan TCP invoice;New Taiwan Dollar;SCSI;Universal Egypt invoice;Wall;input Rhode Island Tuna;Gloves;54502;Engineer Operations Handmade Wooden Computer;Saint Helena Pound;parsing;Borders;copying;relationships quantify generate;array Delaware;Refined New York PNG;Keyboard Overpass;open-source;circuit Engineer Intelligent;SAS deposit;Saint Barthelemy;generating Savings Account Indian Rupee;haptic Macedonia;synthesizing;Sports back up ivory;navigate Croatian Kuna hack;implementation XML Liaison;deploy payment;SSL Savings Account reintermediate;Clothing Chair;Savings Account;35549;18131;79419;38767;9299;40232;58820;87426;48097;51010;64232;Ergonomic Rubber Bike Oklahoma Arizona;Buckinghamshire Auto Loan Account;3rd generation copying;deposit Car;out-of-the-box mobile program;connecting Japan enable;policy;Cloned architect;Auto Loan Account;parse capacitor model;systems
9;Buckinghamshire Computer;methodologies calculating scale;Intranet mint green;56554;36223;strategic Clothing Toys;../fake-data/blob/hipster.png;image/png;Indiana Denar Paradigm;Brand systematic eyeballs;generate Estates Squares;View Buckinghamshire;deposit;circuit;District 1080p;bypass;Polarised;Cotton;Dynamic Ville Movies;Small Plastic Chair;content-based;Forward;Engineer;index Summit;actuating Shoes TCP;Generic Fresh Towels;back-end;deliverables;2019-11-04;Future;alarm;Liaison Vermont;streamline navigating open-source;sensor Strategist;Metal;72515;19809;19119;web-enabled utilisation;Personal Loan Account e-business Steel;program;Cloned quantifying;Macedonia Executive;AI;Bahrain wireless Mali;Intelligent Summit;initiatives Frozen;overriding Bermudian Dollar (customarily known as Bermuda Dollar);AI Ports;Finland Licensed Granite Computer cross-platform;Associate neural;pink Synergized;Gibraltar;input Andorra yellow;invoice Pizza Enterprise-wide;Park Producer quantify;Bahamas;Hollow;interactive target primary;withdrawal navigating;Licensed web services;mint green;Gorgeous impactful;Indiana withdrawal bluetooth;azure Global;Table Kwacha;79326;methodology;customized Product Chips;Rubber green;customized;invoice Gloves schemas;Executive SCSI;1080p;toolset Administrator;Liaison Saint Helena Pound;challenge Agent;systems Keyboard Clothing;Sleek Clothing;Dynamic Fantastic matrix;cutting-edge;programming;Handmade copy;Turnpike quantifying Harbor;Networked transmitting;back-end Bike bandwidth;Ergonomic program platforms;out-of-the-box Extension calculate;e-commerce Louisiana;synthesizing Streets Engineer;63414;3111;12626;73929;67617;10634;32510;31491;68632;381;6964;Mouse SMTP Vision-oriented;Gorgeous Steel Tuna cross-media XML;frame;Small Soft Gloves;invoice Interactions;Right-sized neural Handcrafted Fresh Ball;Human UAE Dirham;Computer deploy;Flats AI;Cotton web services;Sleek synergies Practical Soft Chair
10;Specialist Fresh card;Internal synthesize optical;Strategist;62134;72667;migration connecting;../fake-data/blob/hipster.png;image/png;invoice;Concrete Bahamian Dollar;Ergonomic Concrete Bike Small Rubber Shoes;secured line;Incredible Focused;quantify Ergonomic Fresh Salad SCSI;matrices visionary Officer;Awesome Streamlined;4th generation interfaces zero tolerance;COM Norfolk Island Gorgeous Fresh Bike;Avon bandwidth;Lead Vatu;Refined Frozen Towels Beauty North Korean Won;support;Springs Rubber;Corporate initiatives;Web Pike;Pakistan Rupee Progressive Avon;Innovative;Cambridgeshire withdrawal Response;2019-11-04;parse Bedfordshire;optimize Future;vertical;Checking Account Corporate;holistic;Highway Manors Savings Account;46974;61078;44746;Falls;Borders Sports;Intelligent Fresh Chair;Gorgeous web-enabled redundant;tan empower;Response;bypassing mobile;Granite visionary Borders;Health Seychelles Rupee Tasty Cotton Keyboard;clear-thinking disintermediate mindshare;JSON Swedish Krona;Credit Card Account;secured line;Usability calculating Sports;Movies port;Small Rubber Pizza Fiji Dollar Metal;online withdrawal;Rubber;Saint Kitts and Nevis Senior;Incredible out-of-the-box;bandwidth payment withdrawal;Home Loan Account Beauty deposit;Rubber Pizza Fish;Soft Global;connecting;Fresh Clothing relationships;Meadow;Maryland;4373;Soft Hawaii web-enabled;quantifying Refined Cotton Chicken navigating;Bulgarian Lev interactive;PNG;Flat cross-platform;Terrace Virginia index;success;Tools seamless;interface;Haiti Bedfordshire Table;Steel Legacy;Marketing value-added;withdrawal deposit;optimize redundant;artificial intelligence Uzbekistan Sum;Guinea overriding;Designer Course;Keyboard Analyst Ameliorated;Borders Liaison evolve;red;synergize Shirt Home;Granite Bedfordshire Fresh;Cotton Identity info-mediaries;88840;44412;60294;99485;82670;54538;98401;8820;28840;60687;96113;utilize;Director generate;Shoes Malawi Chad;Streamlined indexing B2C;next generation mint green Sleek Plastic Chicken;Versatile;Nevada strategic New Jersey;Architect;Auto Loan Account;maroon mobile;SQL Money Market Account South Carolina
